,General,,,,
General,Who is Crowdo?,"Crowdo is a regional Fintech platform offering a full portfolio of alternative financing solutions across Peer-to-Business Lending and Equity Crowdfunding. With operations in Singapore, Malaysia and Indonesia, Crowdo boasts a global community of over 29,000 members and has successfully financed more than 1,000 projects to date.",,Siapakah CROWDO?,"Crowdo adalah platform fintech regional yang menawarkan portofolio lengkap sebagai solusi alternatif bagi pembiayaan melalui Peer-to-Business Lending dan Equity Crowdfunding. Beroperasi di Singapura, Malaysia dan Indonesia, Crowdo kini mempunyai komunitas global sebanyak lebih dari 29,000 anggota dan sampai saat ini telah sukses mendanai lebih dari 1,000 proyek."
General,What is Peer to Peer Lending (P2P) ?,"P2P is a new way to use the internet and social media to efficiently connect businesses trying to raise funds with investors looking to invest in promising Entrepreneurs and Small-Medium Size Businesses (SMEs). With P2P, everyone can directly invest and support local SMEs and everyone can access funding without relying only on traditional financial intermediaries such as banks.",,Apakah yang dimaksud Peer-to-Peer Lending (P2P)?,"P2P adalah cara baru menggunakan media internet dan sosial yang secara efisien menghubungkan bisnis yang mencoba mengumpulkan dana dengan investor yang ingin berinvestasi di Pengusaha dan Usaha Kecil Menengah (UKM). Dengan P2P, semua orang langsung bisa berinvestasi dan mendukung UKM lokal dan semua orang dapat mengakses dana tanpa bergantung hanya pada lembaga keuangan tradisional seperti bank"
General,What are the intended benefits of Peer to Peer Lending (P2P) for Entrepreneurs and SMEs ?,"For Entrepreneurs and SMEs, P2P aims to provide a simpler and better way to fundraise online. Simpler, because you can leverage a standardized template and easy online processes to configure your fundraising request; Better as you can now leverage the full power of the internet such as digital and social media to market and PR your fundraising activities to raise Investor awareness and encourage their participation.",,Apa keuntungan yang bisa diperoleh dari Peer to Peer Lending (P2P) bagi Pengusaha dan UKM?,"Untuk pengusaha dan UKM, P2P bertujuan menyediakan cara yang sederhana dan lebih baik untuk menggalang dana secara online. Sederhana, karena Anda dapat memanfaatkan template standar dan proses online yang mudah untuk mengkonfigurasikan permohonan penggalangan dana Anda. Lebih baik, karena Anda kini dapat menggunakan kecanggihan internet seperti media digital dan sosial untuk memasarkan dan mempublikasikan kegiatan penggalangan dana Anda untuk meningkatkan perhatian investor dan mendorong partisipasi mereka."
General,What are the intended benefits of Peer to Peer Lending (P2P) for Investors ?,"For Investors, P2P aims to provide a more transparent and diversified approach to investment opportunities. Each Investor Member has access to investment opportunities in SME loans previously only available to professional Investors. All the information of each loan is easily accessible via the web portal. Thanks to the low minimum investment size required, Investors can potentially spread their investments across multiple investment opportunities hence diversifying their portfolio. Finally, Investors can easily track their investment performance online, anytime, anywhere.",,Apa keuntungan yang bisa diperoleh dari Peer to Peer Lending (P2P) bagi investor?,"Untuk investor, P2P bertujuan untuk untuk memberikan pendekatan yang lebih transparan dan beragam untuk peluang investasi. Setiap anggota investor mempunyai akses ke peluang investasi di kredit UKM yang sebelumnya hanya tersedia bagi investor professional. Semua informasi dari setiap pinjaman bisa diakses secara mudah melalui portal web. Berkat jumlah minimum investasi yang rendah, investor berpotensi menyebar investasinya di beberapa peluang investasi dan dapat mendiversifikasi portofolio mereka. Pada akhirnya, investor dapat dengan mudah melacak hasil investasi mereka secara online, kapanpun, dimanapun."
General,Who are the Borrowers?,We are open to all types of Businesses. All Borrowers must first successfully undergo Crowdo's due diligence process.,,Siapa yang dimaksud dengan Peminjam?,Kami terbuka untuk semua jenis Bisnis. Semua Peminjam harus berhasil menjalani proses uji kelayakan terlebih dahulu oleh Crowdo.
General,Who is eligible to become a Borrower?,"In Singapore, you must be a non-publicly listed company. For Indonesia, you must be an Indonesia incorporated entity/tax resident.",,Siapa saja yang bisa menjadi Peminjam?,"Di Singapura, Anda harus menjadi perusahaan non-publik yang terdaftar. Untuk Indonesia, Anda merupakan perusahaan berbadan hukum/ wajib pajak di Indonesia."
General,What is a Loan?,"A Loan is an arrangement whereby one or many lenders/investors gives money to a borrower and the borrower agrees to repay the money along with interest at some future point in time, according to a pre-agreed repayment schedule. A Loan is defined by an amount (principle), the duration of the loan (tenor), the interest rate returned to investor (interest rate) and by the frequency of the repayments to investors (frequency).",,Apa yang dimaksud dengan pinjaman?,"Pinjaman adalah pengaturan dimana satu atau banyak pendana / investor memberikan uang kepada peminjam dan peminjam setuju untuk membayar kembali uang beserta bunga di beberapa waktu ke depan, menurut jadwal pembayaran yang telah disetujui sebelumnya. Pinjaman didefinisikan sebagai jumlah (pokok pinjaman), durasi pinjaman (tenor), tingkat bunga kembali ke investor (tingkat suku bunga) dan frekuensi pembayaran kepada investor (frekuensi)."
General,Who can become an Investor?,"Everyone can apply to become an Investor by submitting required information via Crowdo's website. To begin the application process, sign up and login to the website and click on the ""Become Investor"" link.",,Siapa saja yang dapat menjadi Investor?,"Setiap orang dapat mengajukan permohonan untuk menjadi Investor dengan mengirimkan informasi yang diperlukan melalui website Crowdo. Untuk memulai proses aplikasi, daftar dan login ke website lalu klik pada link ""Menjadi Investor""."
General,Does Crowdo review each Loan before it is published?,"Yes. Each submitted Loan will need to undergo business and technical review conducted by the Crowdo Team and its Partners before being published on the platform. However, this review is not meant to recommend the investablity of the business or guarantee Investment returns. Each Investor will need to make their own investment decision.",,Apakah Crowdo memeriksa setiap pinjaman sebelum diterbitkan?,"Ya. Setiap Pinjaman yang masuk, akan melalui analisa bisnis dan kajian teknis yang dilakukan oleh Tim Crowdo dan Partners sebelum dipublikasikan di platform. Namun, kajian ini tidak dimaksudkan untuk merekomendasikan investabilitas bisnis atau jaminan hasil investasi. Setiap Investor wajib membuat keputusan investasi mereka sendiri."
General,Does Crowdo advise as to where to invest?,"No. Crowdo is not authorized to provide financial advice. While we confirm and approve all the information provided in each Loan, we do not make our own judgment about whether it's a good investment opportunity or not. We believe that a large number of diverse investors are better suited to assess the business's prospects than a few professional managers (Crowd Validation).",,Apakah Crowdo menganjurkan untuk berinvestasi kemana?,"Tidak. Crowdo tidak berwenang untuk memberikan nasihat keuangan. Sementara kami mengkonfirmasi dan menyetujui semua informasi yang tersedia di setiap Loan, kami tidak membuat penilaian sendiri tentang apakah pinjaman tersebut merupakan peluang investasi yang baik atau tidak. Kami percaya bahwa besarnya jumlah investor yang beragam lebih cocok untuk menilai prospek bisnis daripada beberapa manajer profesional (Validasi Crowd)."
General,Is Crowdo a fund?,"No. When investors invest in a Loan through Crowdo, they invest solely in the Loans that they've chosen. However, we occasionally make Loans available for individual investment funds looking to invest in a pool of to-be-selected businesses Loans.",,Apakah Crowdo memberikan dana?,"Tidak. Ketika investor berinvestasi di pinjaman Crowdo mereka hanya berinvestasi di Pinjaman yang mereka pilih. Namun, terkadang kami menyediakan pinjaman untuk dana investasi perorangan yang ingin berinvestasi di kumpulan pinjaman bisnis yang akan dipilih."
General,Is Crowdo authorised and regulated to operate in Indonesia?,Yes. Crowdo has received legal opinion that the current business model is compliant with current regulations within its respective jurisdictions.,,Apakah Crowdo resmi dan sudah diregulasi untuk beroperasi di Indonesia?,Ya. Crowdo telah menerima pendapat hukum bahwa model bisnis saat ini telah mematuhi peraturan yang berlaku dalam yurisdiksi masing-masing.
General,Is Crowdo authorised and regulated to operate in Singapore?,Yes. Crowdo is a Capital Market Service License holder approved by the Monetary Authority of Singapore.,,Apakah Crowdo resmi dan sudah diregulasi untuk beroperasi di Singapura?,Ya. Crowdo telah memegang Lisensi Layanan Pasar Modal disetujui oleh Otoritas Moneter Singapura.
General,What is the difference between Crowdo International Platform and Crowdo Indonesian Platform?,"From the Investors' perspective, Crowdo International Platform currently is only open to Accredited Investors (link to explanation) and Institutional Investors (link to explanation). Crowdo's Indonesian Platform is available for everyone.

In terms of Borrowers, Crowdo International Platform is available for SMEs worldwide while Crowdo Indonesian Platform is only for Indonesian SMEs and Citizens.",,Apa perbedaan antara Platform Crowdo Internasional dan Platform Crowdo Indonesia ?,"Dari sudut pandang investor, platform Crowdo Internasional saat ini hanya terbuka untuk investor Terakreditasi (link to explanation) dan Investor Institusional (link to explanation). Platform Crowdo Indonesia ini tersedia untuk semua orang.
 Untuk Peminjam, platform Crowdo Internasional tersedia untuk UKM dari seluruh dunia, sedangkan Platform Crowdo Indonesia diperuntukkan bagi UKM dan Warga Negara Indonesia."
,,,,,
,Borrower,,,Peminjam,
Borrower,Who is eligible to raise funds on Crowdo's Peer to Peer lending platform?,"For Crowdo Indonesian Platform, all businesses incorporated in Indonesia and every Indonesian citizen is eligible to raise funding.

For Crowdo International Platform, every business is eligible to raise funding as long as it is not a publicly traded/listed company.",,Siapa yang dapat mengumpulkan dana di platform pinjaman Peer to Peer Crowdo ?,"Untuk platform Crowdo Indonesia, semua bisnis yang didirikan di Indonesia dan setiap warga negara Indonesia berhak untuk mengumpulkan pendanaan.
 Untuk platform Crowdo Internasional, setiap bisnis yang memenuhi syarat untuk meningkatkan pendanaan selama itu bukan perusahaan yang diperdagangkan/terbuka di publik."
Borrower,How much money can I raise through Crowdo's Peer to Peer lending platform?,"The limit for fundraising in Crowdo International Platform is 5mm SGD for a 12 month span. For Indonesia, a Borrower may raise up to 2bn IDR.",,Berapa banyak dana yang dapat Saya kumpulkan melalui Platform pinjaman Peer to Peer Crowdo?,"Batas untuk penggalangan dana di Platform Crowdo Internasional adalah SGD 5 juta untuk rentang 12 bulan. Untuk Indonesia, Peminjam bisa mengumpulkan hingga 2 milyar rupiah."
Borrower,"If I submit a Loan application, is it published right away on Crowdo's Peer to Peer lending website?",No. Each submitted Loan will need to be vetted by the Crowdo team before being published on the website.,,"Jika Saya mengajukan permohonan pinjaman, apakah akan diterbitkan langsung di website Crowdo?",Tidak. Setiap Pinjaman yang diajukan harus diperiksa oleh tim Crowdo sebelum dipublikasikan di website.
Borrower,What do I give Investors in exchange for their investment(s)?,"If the Loan fundraising is successful and you manage to raise your loan target amount (principle), you are expected to repay to the investors the loan principle amount + interest, according to the pre-agreed repayment schedule and interest rate.",,Apa yang Saya berikan kepada investor sebagai ganti investasi yang mereka lakukan?,"Jika penggalangan dana Pinjaman berhasil dan pokok pinjaman Anda telah terkumpul, Anda diharapkan untuk membayar kepada investor sejumlah pokok pinjaman + bunga, sesuai dengan jadwal pembayaran dan tingkat bunga yang telah disepakati."
Borrower,Can I raise funds as a equity investment?,"Yes, to see more information about Equity Crowdfunding, please visit investment.crowdo.com.",,Apakah saya dapat menggalang dana pada platform equity investment?,"Ya, untuk informasi lebih lanjut mengenai Equity Crowdfunding, silahkan kunjungi investment.crowdo.com"
Borrower,Am I able to get the investments as soon as they are committed by the Investors?,"No. Before each Loan is published, the Borrower is required to set the duration of the Loan fundraising period. You are only allowed to access Investor funds if you achieve your Loan target amount in Investor commitments before the expiry of your fundraising period. If you do not achieve your Loan target amount, the funds are returned to the Investors.",,Apakah saya akan menerima pencairan dana langsung setelah investor berkomitmen atas pendanaan mereka?,"Tidak, Sebelum pinjaman diterbitkan, Peminjam diharuskan mengatur durasi periode pinjaman. Anda hanya diperbolehkan mengakses dana Investor jika Anda mencapai jumlah target pinjaman Anda sebelum berakhirnya periode penggalangan dana Anda. Jika Anda tidak mencapai jumlah target pinjaman Anda, dana dikembalikan ke Investor."
Borrower,How long do I have to reach my target fundraise amount?,You can set your Loan funding period between 10 days to 45 days. This duration is decided before the launch of your Loan fundraising campaign.,,Berapa lama Saya harus menunggu untuk mencapai target penggalangan dana?,Anda dapat menentukan masa penggalangan dana pinjaman antara 10 hari sampai dengan 45 hari. Durasi ini ditentukan sebelum penggalangan dana diterbitkan.
Borrower,Will everyone be able to see the information posted on the website?,All approved and registered members on the platform will be able to view the published Borrower and Loan information.,,Apakah semua orang dapat melihat informasi yang diterbitkan di website?,Semua anggota yang disetujui dan terdaftar di platform dapat melihat informasi pinjaman dan peminjam yang diterbitkan.
Borrower,Is Crowdo going to do all or most of my Loan marketing for me?,"No. As one of SE. Asia's longest running platforms, you will have the benefit of getting exposure to our existing community base. However, we do not act as promoters for individual Borrowers.",,Apakah Crowdo akan melakukan promosi pinjaman untuk Saya?,"Tidak. Sebagai platform yang sudah berjalan lama di Asia Tenggara, Anda akan dipertemukan ke komunitas investor kami. Namun, kami tidak bertindak sebagai promotor untuk setiap peminjam."
Borrower,Can I raise more than my Loan target amount?,You can set both a base target amount and maximum target amount. You will be eligible to access the funds once the base target has been achieved.,,Dapatkah Saya menggalang dana melebihi jumlah target pinjaman?,"Anda dapat menentukan besarnya target dasar dan maksimum target, dana hanya akan dicairkan jika target dasar tercapai."
Borrower,How do I start?,"To be approved as a Borrower on Crowdo, you will need to undergo a vetting process and also submit to us a set of business and loan information. To begin the application process, signup and login to the website and click on the ""Get a Loan"" link.",,Bagaimana cara memulai?,"Untuk disetujui sebagai peminjam di Crowdo Anda harus menjalani proses penyaringan dan juga menyerahkan informasi usaha. Untuk memulai, silahkan mendaftar dan login ke website lalu klik ""Get a Loan""."
Borrower,"If a Loan fundraising is successful, how do Borrowers receive their money?","If the Loan fundraising campaign is successful, the Loan target amount will be transferred to the bank account provided by you during the Loan application process.",,"Jika penggalangan dana berhasil, bagaimana peminjam menerima uangnya?","Jika penggalangan dana berhasil, jumlah target pinjaman akan ditransfer ke rekening bank terdaftar yang sesuai pada proses pengajuan."
Borrower,Can I ask for more than one Loan simultaneously?,"No, each Borrower may only have one active Loan at any point of time.",,Apakah Saya dapat mengajukan lebih dari satu pinjaman secara bersamaan?,"Tidak, setiap peminjam hanya diperbolehkan mengajukan satu pinjaman."
Borrower,Can I invest in my own Loan?,No,,Apakah Saya bisa investasi kepada pinjaman saya sendiri?,Tidak bisa
Borrower,I've found investments from another source. Can I add it to my total?,"Yes, please notify the Crowdo Team and after we have seen the relevant paperwork, we can add it to your total.",,Saya telah menemukan investasi dari sumber lainnya. Apakah saya bisa menambahkan nya ke total hutang saya?,"Ya, mohon untuk segera menghubungi tim Crowdo untuk dapat kami analisa kontrak nya dan bisa dihitung termasuk dengan total sebelumnya"
Borrower,Is Crowdo involved throughout the fundraising period?,"While Crowdo provides end-to-end support throughout the fundraising period, the Borrower is expected to take responsibility and leadership in promoting its fundraising in compliance with local regulations.",,Apakah Crowdo terlibat dalam masa penggalangan dana ?,"Selama masa penggalangan Dana, Crowdo akan menunjang fasilitas sistem nya, namun Peminjam diharapkan untuk melakukan inisiatif dalam promosi untuk penggalangan dana sesuai dengan peraturan yang ada."
Borrower,What fees are charged to the Borrower?,Basic fees charged to a Borrower are processing fees and an administrative fee calculated based on the effort required to onboard and vet the loan application.,,Biaya apa saja yang dibebankan kepada Peminjam?,Biaya dasar yang dibebankan kepada borrower adalah biaya pengolahan data dan biaya adiministrasi yang dihitung berdasarkan usaha yang dibutuhkan dan pemeriksaan pengajuan pinjaman.
Borrower,How will Crowdo help me in my fundraising process?,"Before the launch of your Loan fundraising offer, Crowdo will assist you in preparing your Loan fact-sheet. After your fundraising offer has been published, Crowdo may choose to publish your Loan fundraising offer on our newsletter to our membership base.",,Bagaimana Crowo membantu saya dalam masa penggalangan dana?,"Sebelum menerbitkan penawaran penggalangan dana, Crowdo akan membantu anda dalam mempersiapkan lembar fakta pinjaman anda. Setelah tawaran penggalangan dana Anda sudah terbit, Crowdo akan mengumumkan penggalangan dana pinjaman Anda lewat newsletter ke semua anggota kami."
Borrower,What is Crowdo involvement after a successful fundraising?,Crowdo will provide infrastructure support to help collect the repayments from the Borrower and distribute it to the Investors. The status of the repayment process will be updated and visible on the website.,,Apa keterlibatan Crowdo setelah penggalangan dana berhasil?,Crowdo akan memfasilitasi sarana dalam membantu mengumpulkan pengembalian dari Peminjam dan mengirimkan kembali kepada investor. Status pengembalian dana akan selalu diperbarui dan terlihat di website.
Borrower,What is the tax implication for Borrowers?,"Note: The following does not constitute, nor should be considered as tax or investment advice. Investors must consult personally with their tax advisor to understand the tax implications most relevant to their personal situation.
 
For Indonesian-based Borrower:
If Borrower borrows from Indonesia Resident Investors there is no applicable tax arising specifically from the loan as long as it is recognized as an expense and the money are loaned by Indonesia Resident Investors. However, if the borrower defaults on their loan, they will be required to recognize the loan as income on their tax reporting.
If Borrower borrows from Non Indonesia Resident Investors, the interest payments from borrower to Non Indonesian Resident investors would be deemed as income originated in Indonesia and subject to withholding tax of 20% (domestic) or 10% under most of Indonesia's DTAs. The liability to withhold rests with borrower. 
 
For Singapore-based Borrower:
If Borrower borrows from Singapore Resident Investors there is no applicable tax arising specifically from the loan as long as it is recognized as an expense and the money are loaned by Singapore Resident Investors. 
If Borrower borrows from Non Singapore Resident Investors, the interest payments from Borrower to Non Singapore Resident investors would be deemed as income originated in Singapore and subject to withholding tax of 15%. The liability to withhold rests with Borrower.",,Apakah ada implikasi pajak terhadap Peminjam?,"(Catatan: Dibawah ini bukan merupakan, atau bisa dijadikan landasan untuk petunjuk pajak atau investasi. Investor harus berkonsultasi terhadap penasihat pajak pribadi untuk memahami tentang implikasi pajak yang berhubungan dengan situasi pribadi saat ini)
 
 Untuk Peminjam asal Indonesia:
 Jika Peminjam meminjam dari Investor yang merupakan penduduk Indonesia, tidak akan ada pajak muncul dari pinjaman tersebut selama itu dihitung sebagai pengeluaran dan uang nya dipinjamkan oleh investor penduduk Indonesia. Namun, apabila terjadi kegagalan dalam pembayaran pinjaman, mereka diwajibkan untuk mencatat pinjaman tersebut sebagai pendapatan dalam pencatatan pajak mereka.
 
 Jika Peminjam meminjam dari investor asing, pajak pembayaran pinjaman terhadap investor asing akan dianggap sebagai pemasukan yang berasal dari Indonesia dengan pemotongan pajak sebesar 20% (domestik) atau 10% dibawah DTA Indonesia. Kewajiban untuk menahan tersebut diserahkan kepada Peminjam. 
 Jika Peminjam berasal dari Singapore:
 Jika peminjam meminjam dari investor penduduk Singapore, tidak akan ada pajak khusus dari pinjaman tersebut selama pinjaman tersebut dihitung sebagai pengeluaran dan uang yang dipinjamkan berasal dari Investor asli Singapore."
,,,,,
,Investor,,,Investor,
Investor,Who can become an Investor?,"By submitting required information via Crowdo website, everyone can become a Crowdo Indonesian Platform Investor while only Accredited Investor (AI) or Institutional Investor (II) can become a Crowdo International Platform Investor. To begin the application process, signup and login to the website and click on the ""Become Investor"" link. Once your application has been approved, you will be a Qualified Investor and you will be able to start making investment. To declare yourself to be an AI or II, please click on ""Accredidation"".",,Siapa yang bisa menjadi Investor?,"Dengan menyerahkan informasi yang dibutuhkan melalui website Crowdo, semuanya dapat menjadi Investor di website Crowdo Indonesia sementara hanya Investor terakreditasi (AI) atau Institusi Investor (II) dapat menjadi Investor Internasional Crowdo. Untuk memulai proses pengajuan, daftar dan masuk ke website lalu klik Link ""Menjadi Investor"". Setelah proses permohonan diterima, Anda akan menjadi Investor dan Anda dapat memberikan investasi. Untuk menyatakan bahwa anda adalah AI dan II< mohon klik ""Akreditasi""."
Investor,What is a Qualified Investor?,"1) Individuals, who has
- Net personal assets > S$2mm (or equivalent other currency), but net equity of primary residence capped at S$1 million ( or equivalent other currency); or
- Net financial assets > S$1mm (or equivalent other currency); or
- Annual Income > S$300,000
2) Entity ( Corporations or others)
- Net assets > S$10mm (or equivalent)
3) Trustees of a trust
- Trust Property > S$10mm",,Siapa saja yang dapat dikategorikan sebagai investor yang memenuhi syarat?,"1) Perorangan, yang memiliki : - Aset pribadi bersih >S$2 juta (atau setara dengan mata uang lainnya), akan tetapi nilai ekuitas bersih dari kediaman utama mencakup S$1 juta (atau setara dengan mata uang lainnya) - Nilai aset keuangan bersih > S$1 juta (atau setara dengan mata uang lainnya) - Pendapatan tahunan > S$ 300,000 2) Entitas (Perusahaan atau lainnya) - Nilai aset bersih > S$ 10 juta (atau setara) 3) Perwakilan dari yayasan - Nilai kekayaan yayasan > S$10 juta"
Investor,What is an Institutional Investor (II)?,"II refers to 
 1) MAS - Licensed Financial Institutions
 2) Funds (Pension Funds, CIS, Sovereign Wealth Funds)
 3) RFMC (Serving </= 30 qualified investors)
 4) The Government and Specified Statutory Boards
 5) Supranational governmental organisations",,Apakah yang dimaksud investor kelembagaan (II)?,"II Investor kelembagaan mengacu pada : 1) MAS - Lembaga Keuangan yang Diizinkan 2) Dana - Dana (Dana Pensiun, Reksadana, Pencadangan Mata Uang Asing) 3) RFMC (melayani </= 30 investor yang memenuhi syarat) 4) Pemerintah dan Undang - Undang yang telah ditentukan 5) Organisasi pemerintahan yang melampaui batas negara"
Investor,Why should I invest?,"There are a number of reasons you may want to invest in a P2P Loan: 
1) To diversify your investment portfolio with an investment product (SMEs Loan) currently not widely available via traditional investment channels;
2) To generate an additional source of income via a fixed income investment; 
3) To help SMEs to grow their business and build a stronger economy
Investors should implement a diversification strategy when building an investment portfolio. Diversification involves spreading your money across multiple investments in order to have investments that will sustain in adverse market conditions and mitigate losses. However, it will not lessen all types of risk.",,Mengapa saya harus melakukan investasi?,"Terdapat beberapa alasan yang mungkin membuat anda ingin berinvestasi dalam Pinjaman P2P : 1) Untuk memberikan perbedaan antara portofolio investasi anda dengan produk investasi (pinjaman untuk UKM) yang saat ini belum tersedia secara luas melalui alur investasi tradisional 2) Untuk menghasilkan sumber pendapatan tambahan melalui investasi dengan penerimaan tetap 3) Untuk membantu sektor UKM mengembangkan bisnis mereka dan membangun ekonomi yang lebih kokoh Investor seharusnya menerapkan strategi diversifikasi ketika menyusun portofolio investasi mereka. Diversifikasi melibatkan penyebaran uang anda ke beberapa investasi agar dapat memperoleh investasi yang bertahan di samping kondisi pasar dan meminimalisir kerugian. Namun, hal ni tidak akan selalu mengurangi segala jenis resiko yang ada."
Investor,What are the risks of investing?,"The Investor has to bear the risk that the Borrower may not repay a loan. There are several factors used by Investors to assess the risk of a loan investment such as: Borrower's past repayment history, Borrower's financial situation and assets pledged as collateral to a loan. In general, risker investments are expected to give higher return to Investors to compensate for the risk taken. Besides, Investors may bear currency risk.",,Apa saja resiko dalam melakukan investasi?,"Seorang investor harus siap menanggung resiko apabila peminjam tidak dapat membayar kembali pinjaman mereka. Terdapat beberapa faktor yang dapat digunakan oleh investor untuk menilai risiko investasi dalam pinjaman seperti : riwayat pembayaran kembali peminjam sebelumnya, kondisi keuangan peminjam dan aset yang dijanjikan sebagai jaminan untuk suatu pinjaman. Umumnya, investasi yang berisiko diharapkan dapat memberikan tingkat pengembalian yang lebih tinggi kepada investor untuk mengimbangi risiko yang diambil. Selain itu, investor mungkin harus menanggung risiko mata uang asing."
Investor,How much can I invest?,"There is no limit to the investment amount, and an Investor Member can diversify their investment across a portfolio of loans. However, an Investor should only invest the amount that they are comfortable with.",,Seberapa banyak saya dapat melakukan investasi?,"Tidak ada batasan dalam nominal untuk melakukan investasi, dan anggota yang sudah terdaftar sebagai investor seharusnya hanya melakukan investasi dengan nominal yang nyaman menurut mereka."
Investor,Why do I need to Bid for a loan?,"Each loan has a fundraising period during which Investors can pledge online investments to the loan. A loan fundraising campaign is successful only if the total Loan Target Amount has been committed before the end of the funding period. Therefore, investments pledged during the fundraising period before the total Target Amount has been committed will be in Bid state. The investment bids will be confirmed once the total Target Amount is covered.",,Mengapa saya perlu melakukan penawaran untuk suatu pinjaman?,"Masing - masing pinjaman memiliki periode penggalangan dana selama investor mana yang dapat menjanjikan investasi secara online kepada pinjaman tersebut. Kampanye penggalangan dana untuk pinjaman akan sukses jika total nominal pinjaman yang ditargetkan telah terpenuhi sebelum akhir periode pendanaan. Oleh karena itu, jaminan investasi selama periode penggalangan dana sebelum total nominal pinjaman yang ditargetkan terpenuhi akan dicatat dalam bagian penawaran. Penawaran investasi akan dikonfirmasi setelah total nominal yang ditargetkan tertutupi."
Investor,Who does the vetting of Borrowers?,"Us. We have a number of measures in place to evaluate the Borrower's submission, including conducting upfront checks, holding entrepreneurs and businesses accountable for the information they have provided us, and, if necessary taking legal action against the entrepreneurs and businesses for non-compliance.",,Siapa yang melakukan proses pemeriksaan terhadap pihak peminjam?,"Kami. Kita memiliki beberapa langkah - langkah untuk melakukan evaluasi dalam pengajuan pinjaman oleh peminjam, termasuk melakukan pemeriksaan dimuka, memegang tanggung jawab wirausaha dan pengusaha terhadap informasi yang telah mereka berikan ke kita, dan, mengambil tindakan hukum terhadap wirausaha dan pengusaha atas ketidakpatuhan mereka jika diperlukan."
Investor,What do I get in exchange for my investment?,"As you are investing in a loan, you should expect to receive in return the amount you invested (principle) plus an interest amount (interest return). Principle + interest return are repaid according to a pre-agreed repayment schedule.",,Apa yang akan saya dapat atas investasi yang telah dilakukan?,"Dikarenakan Anda melakukan investasi terhadap suatu pinjaman, Anda akan memperoleh pengembalian atas nilai yang anda investasikan (Nilai dasar) ditambah dengan nilai bunga (tingkat pengembalian bunga). Nilai dasar + tingkat pengembalian bunga akan dibayarkan berdasarkan jadwal pembayaran kembali yang telah disepakati"
Investor,What is the interest returned on my investment?,"Each loan published on the P2P platform clearly states the interest rate to be returned to Investors. The exact repayment schedule is also displayed in the loan fact-sheet. If you bid an amount lower than the principle, the repayment you are entitled to will be prorated according to your investment amount and visible in your online portfolio (My Portfolio page)",,Apakah yang dimaksud dengan tingkat pengembalian bunga dalam investasi Saya?,"Masing - masing pinjaman di platform P2P dengan jelas menyatakan bahwa suku bunga akan dikembalikan ke investor. Jadwal pembayaran kembali yang tepat juga ditampilkan di dalam lembar fakta pinjaman. Jika anda melakukan penawaran dengan nominal dibawah nilai dasar, tingkat pengembalian yang berhak didapat akan dihitung pro rata berdasarkan nilai yang anda investasikan dan telihat dalam portofolio online anda (Halaman Portofolio Saya)"
Investor,"I was notified that the Fundraising campaign I invested in is unsuccessful, what happens now?",The amount you bid on that fundraising campaign will be refunded to your online account.,,"Saya mendapat notifikasi bahwa kampanye penggalangan dana yang Saya investasikan tidak berhasil, apa yang akan terjadi sekarang?",Nominal penawaran yang Anda masukkan ke dalam kampanye penggalangan dana tersebut akan dikembalikan ke akun online anda
Investor,Are my investments made public?,No.,,Apakah informasi investasi Saya di publikasikan?,Tidak
Investor,Does the Borrower receive my Investment right away?,"No. The investment amount you bid to a loan will be secured in your online account until the end of the fundraising period. Only in cases where the fundraising reaches its target amount prior to the expiry date of the fundraising period will the funds be transferred to the Borrower. If the Offer fails to reach its target, then the funds will be returned to the participating Investors. Also, each Investor will have several days cooling off period (in pre - determined agreement) which give you the right to cancel the investment.",,Apakah Peminjam langsung mendapatkan investasi dari Saya?,"Tidak. Jumlah investasi yang Anda tawarkan ke suatu pinjaman akan diamankan ke dalam rekening virtual Anda sampai dengan masa partisipasi berakhir. Hanya pada kondisi tertentu dimana dana pinjaman yang dibutuhkan telah terpenuhi sebelum masa partisipasi berakhir, dana akan di cairkan kepada peminjam. Apabila kebutuhan dana tidak terpenuhi dalam masa partisipasi, maka dana akan dikembalikan kepada investor. Selain itu, kami memberikan waktu tenang (masa pra perjanjian) untuk investor apabila ingin membatalkan investasinya."
Investor,Can the Borrower reject your funds?,No.,,Apakah Peminjam dapat menolak dana pinjaman ?,Tidak
Investor,Is my investment guaranteed?,"No. Despite some loans are personal/business gurateed, it does not mean your investment is definitively guaranteed. You should notice that your investment will have risks. However, you will be able to invest in loans with different risk profiles. For example, you will be able to find loans with collateral which are generally considered less risky than uncollateralized loans.",,Apakah Investasi Saya dijamin?,"Tidak. Meskipun suatu pinjaman mempunyai Jaminan Perorangan / Perusahaan tidak berarti investasi Anda dijamin. Anda diharapkan menyadari bahwa investasi Anda memiliki resiko. Namun demikian, Anda dapat berinvestasi pada pinjaman dengan profil resiko yang bervariasi. Contoh: Anda dapat menemukan pinjaman dengan jaminan yang secara umum dikategorikan beresiko rendah dibandingkan dengan pinjaman tanpa jaminan."
Investor,What happens in the event of a Borrower delay or default on a repayment?,"A default event is defined as 2 consecutive delayed repayments. If a Borrower delays to repay 2 consecutive repayments, the loan is considered defaulted and the default procedure is triggered. In case of collateralized loans, the default procedure consists of liquidating the collateral and using the proceeds of the liquidation to repay the outstanding principle to Investors. In case of non collateralized loans, Crowdo will engage the Borrower to explore potential repayment options while keeping the Investor informed of the progresses.",,Apa yang terjadi ketika Peminjam terlambat atau gagal bayar?,"Kondisi gagal bayar adalah kondisi dimana secara dua bulan berturut turut terjadi keterlambatan bayar. Apabila peminjam terlambat melakukan pembayaran secara dua bulan berturut turut maka proses gagal bayar akan dilakukan. Dalam pinjaman dengan jaminan, proses gagal bayar akan dilanjuti dengan likuidasi jaminan dan hasil dari likuidasi akan digunakan untuk membayar pokok pinjaman kepada investor. Untuk pinjaman tanpa jaminan, Crowdo akan melakukan mediasi kepada peminjam untuk potensi solusi pembayaran kembali dengan menginformasikan proses yang sedang berjalan kepada investor."
Investor,What is the Loan Grade?,"The Loan Grade is a Crowdo's proprietary index of the loan risk profile. There are 6 levels: A+ (less risky), A, B, C, D, E (higher risk). There are several factors used to assess the risk of a loan and assign the Grade. Some of the factors are: Borrower's past repayment history, Borrower's financial situation and assets pledged as collateral to a loan. In general riskier investments are expected to give higher return to Investors to compensate for the risk taken.",,Apa yang dimaksud kelas pinjaman?,"Kelas Pinjaman adalah tolak ukur Crowdo untuk menganalisa profil resiko debitur. Terdapat 6 kelas pinjaman yaitu: A+ (minimum resiko), A, B, C, D, E (resiko lebih tinggi. Terdapat beberapa faktor yang digunakan untuk menganalisa resiko pinjaman dan klasifikasi kelas. Beberapa faktor adalah sebagai berikut: Sejarah pembayaran debitur, kondisi keuangan debitur dan aset yang diberikan sebagai jaminan pinjaman. Secara umum investasi dengan resiko lebih tinggi akan memberikan hasil investasi yang lebih tinggi kepada investor sebagi kompensasi atas resiko yang diambil."
Investor,How is the repayment schedule calculated?,"The loan repayment is calculated using an effective annual interest rate. The annual effective interest rate is the annual rate that is charged for borrowing (or made by investing) which takes into account the compounding effect.
 
The loan repayment schedule is calculated to give investor a constant monthly repayment amount which pay off his/her investment with the specified interest rate, over the specified period. 
 
The constant monthly installment amount is calculated using the PMT formula in Excel: Monthly Installment = PMT(Effective Annual Interest Rate/12, # of repayments, loan principle) 
 
The break down of monthly principle repayment and monthly interest repayment can be calculated as following:
 a) Monthly principle repayment amount is calculated using the PPMT formula in Excel: Principle Repayment Month n = PPMT(Effective Annual Interest Rate/12, n, # of repayments, loan principle) 
 
b) Monthly interest repayment amount is calculated using the IPMT formula in Excel: Interest Repayment Month n = IPMT(Effective Annual Interest Rate/12, n, # of repayments, loan principle) 
 
You can also calculate the monhly interest repayment using the following formula: 
Interest Amount Month n = (Oustanding Balance Mount n) * (Effective Annual Interest Rate) / 12",,Bagaimana cara perhitungan pembayaran kembali?,"Pembayaran kembali di hitung dengan bunga efektif dalam satu tahun. Bunga efektif dalam satu tahun adalah bunga dikenakan kepada debitur (atau dalam hal investasi) dimana perhitungan dengan penggabungan. Jadwal pembayaran pinjaman dihitung untuk memberikan investor jumlah pembayaran bulanan secara konstan yang membayar / investasinya dengan tingkat bunga yang ditentukan, dalam jangka waktu tertentu. Jumlah angsuran bulanan secara konstan dihitung dengan menggunakan rumus PMT di Excel: Angsuran Bulanan = PMT (Suku Bunga Tahunan Efektif / 12, # dari pembayaran, pokok pinjaman. Perhitungan pembayaran pokok dan bunga bulanan dapat dihitung sebagai berikut: a) Pembayaran bulanan atas pokok pinjaman dihitung dengan menggunakan rumus PPMT di Excel: Pembayaran Pokok Bulanan n = PPMT (Efektif Tingkat Bunga / 12, n, # dari pembayaran, pokok pinjaman)
 
 b) pembayaran bulanan atas bunga dihitung dengan menggunakan rumus IPMT di Excel: Pembayaran Bunga Bulanan n = IPMT (Efektif Tingkat Bunga / 12, n, # dari pembayaran, pokok pinjaman)
 
 Anda juga dapat menghitung pembayaran bunga bulanan menggunakan rumus sebagai berikut:
 Jumlah Bulan n = (Oustanding Balance Mount n) * (Suku Bunga Tahunan Efektif) / 12"
Investor,What is the effective interest rate?,"The effective interest rate is the annualized rate that is charged for borrowing (or made by investing) which takes into account the compounding effect. 
 
As an Investor, you will receive every month a repayment which includes monthly principle repayment plus monthly interest return. The monthly interest return is calculated every month as the agreed interest rate on the outstanding principle. The outstanding principle is the amount you invested minus all the monthly principles already repaid to you.",,Apa yang dimaksud dengan bunga efektif?,"Suku bunga efektif adalah tingkat suku bungatahunan yang dibebankan untuk meminjam (atau dibuat dengan berinvestasi) dengan metode pengabungan.
 
 Sebagai Investor Anda akan menerima setiap bulan pembayaran yang meliputi pembayaran pokok bulanan ditambah imbal hasil bunga bulanan. Imbal hasil bunga bulanan dihitung setiap bulan sebagai tingkat bunga yang telah disepakati pada pokok pinjaman. Sisa pokok pinjaman adalah jumlah yang diinvestasikan dikurangi dengan semua pokok bulanan sudah dilunasi kepada Anda."
Investor,What is the annual percentage rate (APR)?,"The annual percentage rate is the annual rate that is charged for borrowing (or made by investing), expressed as a single percentage number that represents the actual yearly cost of funds over the term of a loan. If the investor invest 10,000 SGD in a 12 month loan with 10% annual percentage rate and monthly repayment, the monthly interest amount is calculated at 10% of the principle such as: month 1 return = (10% on 10k SGD)/12, month 2 return = (10% of 10k SGD)/12, month 3 return = 10% of IDR 10k SGD)/12, etc.",,apa yang dimaksud dengan persentase bunga tahunan?,"Tingkat persentase bunga tahunan adalah tingkatbunga tahunan yang dibebankan untuk meminjam (atau dibuat dengan berinvestasi), dinyatakan dalam persentase yang merupakan biaya tahunan secara aktual selama jangka pinjaman. Apabila investor berinvestasi sebesar Rp. 10,000 di pinjaman dengan jangka waktu 12 bulan dengan 10% tingkat persentase tahunan dan pembayaran bulanan, perhitungan bunga bulanan dihitung sebesar 10% dari pokok seperti: bulan 1 imbal hasil = (10% dari 10k SGD) / 12 , bulan 2 imbal hasil = (10% dari 10k SGD) / 12, bulan 3 imbal hasil = 10% dari Rp 10k SGD) / 12, dll"
Investor,Can I withdraw/modify my investment Bid?,"Investors can cancel or modify their investment bids at any time during the cooling off period. You can cancel/modify your investment bid from the My Investments section of the website. After a loan cooling off period, you will not be allowed to cancel or modify your investments.",,Apakah saya dapat menarik kembali partisipasi atau memodifikasil investasi saya?,"Investor dapat membatalkan atau memodifikasi tawaran investasi mereka setiap saat selama masa tenang. Anda dapat membatalkan / memodifikasi tawaran investasi Anda dari bagian My Investasi website. Setelah pendinginan pinjaman off period, Anda tidak akan diizinkan untuk membatalkan atau mengubah investasi Anda."
Investor,Can I withdraw my investment?,You will be able to withdraw your Available Balance (committed amount is excluded) from your online account any time after 1 month from your first topup.,,Apakah Saya bisa menarik investasi saya?,Anda dapat menarik Saldo yang tersedia (diluar jumlah saldo yang Anda masukkan ke penawaran) dari akun online Anda setiap saat setelah 1 bulan dari topup pertama Anda.
Investor,What does All-or-Nothing mean?,All-or-Nothing means that the Borrowers only gets access to the Investor funds if it has achieved its target fundraise amount.,,Apakah arti dari All-or-Nothing?,All-or-Nothing berarti bahwa Peminjam hanya mendapatkan akses ke dana Investor jika telah mencapai jumlah target penggalangan dana nya.
Investor,Which legal documents do I get as an Investor in a loan?,You will have a Participation Agreement where you appoint Crowdo as your agent for that specific investment and a Promissory Note which constitutes the actual loan agreement between you and the Borrower.,,Dokumen apa saja yang saya dapatkan sebagai Investor di pinjaman?,Anda akan memiliki Perjanjian Partisipasi dimana Anda menunjuk Crowdo sebagai agen Anda untuk investasi yang spesifik dan Promissory Note yang merupakan perjanjian pinjaman yang sebenarnya antara Anda dan peminjam.
Investor,Why do I need to Top Up to be able to invest?,"To be able to bid an amount to a Loan during the Loan fundraising period, you need to have an available balance in your online account, which is equal to or greater than the amount you want to bid. This amount will be frozen in your account until the end of the fundraising period and labeled as ""Bid Amount"". If the fundraising is successful, the amount will be invested in the selected loan. If the fundraising is not successful, the Bid Amount will be release to your online account.",,Kenapa Saya harus Top Up untuk dapat berinvestasi?,"Untuk dapat menawar di pinjaman selama periode penggalangan dana, Anda harus memiliki saldo yang tersedia di akun online Anda, yang sama dengan atau lebih dari jumlah yang ingin Anda tawarkan. Jumlah ini akan dibekukan di akun Anda sampai akhir periode penggalangan dana dan diberi label sebagai ""Jumlah Penawaran"". Jika penggalangan dana berhasil jumlah tersebut akan diinvestasikan ke dalam pinjaman yang dipilih, jika penggalangan dana tersebut tidak berhasil, Jumlah Penawaran tersebut akan dilepas ke akun online Anda."
Investor,"I have zero balance, can I still bid?","Yes, If your account balance is zero you can still bid for a loan by doing the following:
 1 - Bid the amount you want on a selected loan. Your bid will be added to your investment cart in Pending status. 
 2 - You can add more bids to your investment cart to build your investment portfolio
 3 - When you have finished bidding, click on the ""Checkout"" button to go the checkout page.
 4 - In the check out page click on Top Up button to confirm you want to checkout those bids. 
 5 - The bid will be added to your ""My Portfolio"" in Pending Status until you top-up the required amount.
 6 - If you do not top-up within 3 days, your Pending Bids will be cancelled.",,"Saya memiliki saldo nol, apakah saya masih dapat menawar?","Ya, Jika saldo account Anda adalah nol Anda masih dapat mengajukan tawaran untuk pinjaman dengan melakukan hal berikut:
 1 - Tawarkan jumlah yang Anda inginkan ke pinjaman yang dipilih. Tawaran Anda akan ditambahkan ke keranjang investasi dengan status Tertunda.
 2 - Anda dapat menambahkan lebih banyak tawaran ke keranjang investasi untuk membangun portofolio investasi Anda
 3 - Bila Anda telah selesai melakukan penawaran, klik tombol ""Checkout"" untuk masuk ke halaman checkout.
 4 - Di halaman Checkout, klik tombol Top Up untuk mengkonfirmasi bahwa Anda ingin melakukan checkout untuk tawaran tersebut
 5 - Tawaran akan ditambahkan ke daftar ""My Portofolio"" Anda dengan Status Tertunda sampai Anda melakukan jumlah top-up yang dibutuhkan.
 6 - Jika Anda tidak melakukan top-up dalam 3 hari, Tawaran Tertunda Anda akan dibatalkan."
Investor,How do I Top Up my account?,"To be able to Top Up your account, you need to be a Qualified Investor. 
 If you are an Investor you can click on ""My Account"" and ""Top Up"" to find the instructions to top-up your online account. To top-up you need to:
 1 - Transfer the amount you want to add to your online account to a designated bank account via regular bank transfer. In the transaction description, add your online account number which you can find in the Top Up page.(Minimum top up amount is IDR 2,000,000).
 2 - Scan or take a picture of the proof of payment and upload to you online account in the Top-Up page.
 3 - As soon as your transfer is confirmed, your account balance will be updated accordingly",,Bagaimana cara Top Up akun saya?,"Untuk dapat melakukan Top Up, Anda perlu menjadi Investor yang memenuhi kualifikasi.
 Jika Anda seorang Investor, Anda dapat mengklik ""My Account"" dan ""Top Up"" untuk menemukan petunjuk top-up akun online Anda. Untuk top-up Anda perlu melakukan hal berikut:
 1 - Transfer jumlah yang ingin Anda tambahkan ke akun online Anda ke rekening bank yang ditunjuk melalui transfer bank biasa. Dalam uraian transaksi tambahkan nomor akun online Anda yang dapat ditemukan di halaman Top Up. ) Jumlah minimum top up adalah Rp 2.000.000).
 2 - Scan atau foto bukti pembayaran dan upload ke akun Anda secara online di halaman Top-Up.
 3 - Setelah transfer dikonfirmasi saldo akun Anda akan langsung diperbarui."
Investor,Why is my Bid Pending?,"When you Check Out a Bid and you don't have enough funds in your online account, the bid will be saved in your ""My Portfolio"" section in Pending status until you top-up your account with the required funds.

If you top-up the required amount within 5 days from your bid, your pending bid will be automatically confirmed.

If you don't top-up the required amount with 5 days from your bid, the pending bid will be cancelled",,Mengapa penawaran Saya Tertunda?,"Apabila Anda hendak melakukan Check Out terhadap tawaran dan Anda tidak memiliki cukup dana dalam akun online Anda, tawaran akan disimpan di bagian ""My Portfolio"" dalam status Tertunda sampai Anda melakukan top-up dengan dana yang dibutuhkan.
 Jika Anda melakukan top-up jumlah yang diperlukan dalam waktu 5 hari dari tawaran, tawaran yang tertunda akan otomatis dikonfirmasi.
 Jika Anda tidak top-up jumlah yang diperlukan dalam waktu 5 hari dari tawaran, tawaran tertunda akan dibatalkan"
Investor,How is the collateral handled?,The collateral is pledged by the Borrower before the loan is disbursed. The collateral is always safeguarded by one of our trusted partners who has secured facilities for collateral management. The collateral is returned to the Borrower upon completed and successful repayment of the loan.,,Bagaimana jaminan ditangani?,Agunan akan dijaminkan oleh peminjam sebelum pinjaman tersebut dicairkan. Agunan selalu dijaga oleh salah satu mitra terpercaya kami yang memiliki fasilitas yang aman untuk manajemen agunan. Agunan dikembalikan ke peminjam setelah pengembalian pinjaman selesai dilakukan.
Investor,How is Loan-To-Value (LTV) % of the collateral calculated?,"The value of the collateral is evaluated at the time of loan application by a professional with relevant experience in assessing same/similar assets. The LTV is calculated as a % of the collateral assessment taking into account the quality of the asset, any Borrower historical repayment performance and other factors.",,Bagaimana presentase Loan To Value (LTV) dari agunan dihitung?,"Nilai agunan dievaluasi pada saat pengajuan pinjaman oleh seorang profesional dengan pengalaman yang relevan dalam menilai aset yang sama / sejenis. LTV dihitung sebagai % dari penilaian agunan memperhitungkan kualitas aset, sejarah pembayaran peminjam dan faktor lainnya."
Investor,Are there any fees when I withdraw my money?,"Crowdo does not charge any fee if you withraw your money, but the amount you receive would be netted by bank transfer fee. The amount of transfer fee will depend on the type of transfer as well as the fee of your local banks.",,Apakah ada biaya ketika Saya menarik uang Saya?,"Crowdo tidak mengenakan biaya apapun jika Anda menarik uang, tetapi jumlah yang Anda terima akan dipotong sesuai dengan biaya transfer bank. Jumlah biaya transfer akan tergantung pada jenis transfer serta biaya dari bank lokal Anda."
Investor,What is the tax implication for Indonesia Tax Resident Investors?,"Note: The following does not constitute, nor should be considered as tax or investment advice. Investors must consult personally with their tax advisor to understand the tax implications most relevant to their personal situation.
 
Generally, income derived from transactions processed through the platform are subject to tax. For Indonesia Tax Residents, the reference tax rate is 15% (income tax) applied to the interest earned from their investment returns.
 
In order to incoporate this income into your tax reporting efficiently, Investors should consider engaging with a tax consultant.",,,
Investor,What is the tax implication for Non Indonesia Resident Investors?,"Note: The following does not constitute, nor should be considered as tax or investment advice. Investors must consult personally with their tax advisor to understand the tax implications most relevant to their personal situation.
 
 The interest payments from Borrower(s) to Non Indonesian Resident Investors would be deemed as income originated in Indonesia and subject to withholding tax. The liability to withhold rests with Borrower. Therefore, in connection with the loan, there should be no Indonesian tax implications for Non Indonesia Resident Investors.",,Apa implikasi pajak untuk Investor bukan Warga Negara Indonesia?,"(Catatan: Berikut ini bukan merupakan, atau harus dianggap sebagai anjuran pajak atau investasi. Investor harus berkonsultasi secara pribadi dengan penasihat pajak mereka untuk memahami implikasi pajak yang paling relevan dengan situasi pribadi mereka.)
 
 Pembayaran bunga dari peminjam ke investor yang bukan Warga Negara Indonesia akan dianggap sebagai pendapatan berasal di Indonesia dan tunduk pada pemotongan pajak. Kewajiban tersebut terletak pada peminjam. Oleh karena itu, sehubungan dengan pinjaman, seharusnya tidak ada implikasi pajak Indonesia untuk Investor yang bukan penduduk Indonesia."
Investor,What is the Exchange Rate Risk?,"Exchange rate risk or currency risk is a form of risk that arises from the change of exchange rate of one currency against another. These fluctuations result from the unpredictable gains and losses incurred when profits from foreign investments are converted from the foreign currency into investor's currency.For example, if your money denomination is not SGD when you invest in SGD loans, your investment is exposed to exchange rate risk.",,Apa Risiko Nilai Tukar?,"Resiko nilai tukar atau mata uang adalah bentuk risiko yang timbul dari perubahan nilai tukar satu mata uang terhadap yang lain. Fluktuasi ini hasil dari keuntungan dan kerugian tak terduga yang terjadi ketika keuntungan dari investasi asing dikonversi mata uang asing ke mata uang investor. For investor, jika denominasi uang Anda bukan SGD, ketika Anda berinvestasi dalam pinjaman SGD investasi Anda akan terkena risiko nilai tukar."
